epoch,batch,step,L_train,del_L_train,L_test,del_L_test,acc_test,del_acc_test,L_compare,acc_compare,d_w,rel_d_w,lr,momentum,dampening,weight_decay,nesterov,n_hidden,weight_initialization,epsilon,model_idx,loss_fn
0,0,0,2.3072545528411865,0.0,2.300268668162823,0.0,0.0899,0.0,2.0032607340335846,1.0,0.0,0.0,0.01,0.0,0,0.0,False,100,relative_perturbation,0.001,0,nll_loss
0,0,0,2.321324348449707,0.014069795608520508,2.260607439148426,-0.03966122901439695,0.1708,0.08090000000000001,2.363079029262066,0.0618,8.592703,1.4200597,0.01,0.0,0,0.0,False,100,relative_perturbation,0.001,1,nll_loss
0,0,0,2.284703254699707,-0.022551298141479492,2.249924635362625,-0.05034403280019761,0.1998,0.10990000000000001,2.2727103602528573,0.1775,8.570111,1.4163262,0.01,0.0,0,0.0,False,100,relative_perturbation,0.001,2,nll_loss
0,0,0,2.3212039470672607,0.013949394226074219,2.3312677241563797,0.0309990559935569,0.1135,0.02360000000000001,2.373681208729744,0.0593,8.557385,1.4142231,0.01,0.0,0,0.0,False,100,relative_perturbation,0.001,3,nll_loss
0,0,0,2.295501947402954,-0.011752605438232422,2.2725768712878227,-0.02769179687500012,0.1327,0.04280000000000002,2.317318276512623,0.1036,8.577049,1.4174727,0.01,0.0,0,0.0,False,100,relative_perturbation,0.001,4,nll_loss
0,0,0,2.3123703002929688,0.0051157474517822266,2.3044231087565423,0.0041544405937194995,0.1156,0.0257,2.279053260052204,0.1444,8.5549555,1.4138215,0.01,0.0,0,0.0,False,100,relative_perturbation,0.001,5,nll_loss
0,0,0,2.3012452125549316,-0.006009340286254883,2.2965277719140054,-0.00374089624881746,0.14,0.05010000000000002,2.2452270317435263,0.2066,8.587014,1.4191196,0.01,0.0,0,0.0,False,100,relative_perturbation,0.001,6,nll_loss
0,0,0,2.322866916656494,0.015612363815307617,2.3206801044344902,0.020411436271667416,0.107,0.017100000000000004,2.3082132286429404,0.0881,8.563801,1.4152832,0.01,0.0,0,0.0,False,100,relative_perturbation,0.001,7,nll_loss
0,0,0,2.351618766784668,0.044364213943481445,2.3460651248335838,0.04579645667076093,0.1007,0.010800000000000004,2.2590020119547845,0.0947,8.566988,1.41581,0.01,0.0,0,0.0,False,100,relative_perturbation,0.001,8,nll_loss
0,0,0,2.3542275428771973,0.04697299003601074,2.316888642501831,0.01661997433900808,0.1167,0.026800000000000004,2.3424595515012743,0.047,8.548153,1.4126972,0.01,0.0,0,0.0,False,100,relative_perturbation,0.001,9,nll_loss
0,100,100,1.0096476078033447,0.0,1.030696085248515,0.0,0.7857,0.0,0.9116410044144839,1.0,0.0,0.0,0.01,0.0,0,0.0,False,100,relative_perturbation,0.001,0,nll_loss
0,100,100,0.9200799465179443,-0.08956766128540039,0.9558895983532071,-0.07480648689530789,0.8245,0.03880000000000006,0.902466465960443,0.8604,8.827203,1.422418,0.01,0.0,0,0.0,False,100,relative_perturbation,0.001,1,nll_loss
0,100,100,0.918914794921875,-0.09073281288146973,0.9359907867884263,-0.09470529846008868,0.8137,0.028000000000000025,0.8736024600123986,0.8601,8.777225,1.4143645,0.01,0.0,0,0.0,False,100,relative_perturbation,0.001,2,nll_loss
0,100,100,0.9732057452201843,-0.0364418625831604,1.0282712891718373,-0.002424796076677671,0.7978,0.0121,0.9644671868314967,0.8576,8.7519455,1.410291,0.01,0.0,0,0.0,False,100,relative_perturbation,0.001,3,nll_loss
0,100,100,0.9682002663612366,-0.041447341442108154,0.9774400468749925,-0.05325603837352244,0.8115,0.025800000000000045,0.9047971573872492,0.8673,8.79243,1.4168147,0.01,0.0,0,0.0,False,100,relative_perturbation,0.001,4,nll_loss
0,100,100,0.9551377296447754,-0.054509878158569336,0.9626890093352646,-0.06800707591325039,0.8054,0.01970000000000005,0.890961368527636,0.8653,8.765717,1.41251,0.01,0.0,0,0.0,False,100,relative_perturbation,0.001,5,nll_loss
0,100,100,0.9794967174530029,-0.030150890350341797,0.9757263271752745,-0.05496975807324045,0.8048,0.019100000000000006,0.9147563843552023,0.8607,8.807314,1.419213,0.01,0.0,0,0.0,False,100,relative_perturbation,0.001,6,nll_loss
0,100,100,0.9644680619239807,-0.045179545879364014,0.9871271038454026,-0.04356898140311238,0.8044,0.01870000000000005,0.9230064317431301,0.8513,8.767062,1.4127269,0.01,0.0,0,0.0,False,100,relative_perturbation,0.001,7,nll_loss
0,100,100,1.0136045217514038,0.003956913948059082,1.0183370851259679,-0.012359000122547092,0.8073,0.021600000000000064,0.9481358284454793,0.8692,8.782565,1.415225,0.01,0.0,0,0.0,False,100,relative_perturbation,0.001,8,nll_loss
0,100,100,0.995146632194519,-0.014500975608825684,0.9911615540856495,-0.03953453116286543,0.8077,0.02200000000000002,0.9166989884311333,0.8712,8.771346,1.4134172,0.01,0.0,0,0.0,False,100,relative_perturbation,0.001,9,nll_loss
0,200,200,0.7127640843391418,0.0,0.63848467051154,0.0,0.8549,0.0,0.510530497419741,1.0,0.0,0.0,0.01,0.0,0,0.0,False,100,relative_perturbation,0.001,0,nll_loss
0,200,200,0.6561721563339233,-0.056591928005218506,0.5888025681472151,-0.04968210236432491,0.8716,0.016700000000000048,0.49883236601713576,0.9238,9.087735,1.4225224,0.01,0.0,0,0.0,False,100,relative_perturbation,0.001,1,nll_loss
0,200,200,0.6789766550064087,-0.033787429332733154,0.5875254090866074,-0.05095926142493257,0.8656,0.010700000000000043,0.4875787527827546,0.9278,9.011411,1.4105752,0.01,0.0,0,0.0,False,100,relative_perturbation,0.001,2,nll_loss
0,200,200,0.6951969861984253,-0.017567098140716553,0.6220572601389139,-0.016427410372626072,0.8637,0.00880000000000003,0.5266869654562324,0.9269,8.983481,1.4062034,0.01,0.0,0,0.0,False,100,relative_perturbation,0.001,3,nll_loss
0,200,200,0.6950330138206482,-0.017731070518493652,0.6091530469568214,-0.029331623554718633,0.8629,0.008000000000000007,0.5079228439492872,0.9286,9.039798,1.4150187,0.01,0.0,0,0.0,False,100,relative_perturbation,0.001,4,nll_loss
0,200,200,0.667273759841919,-0.0454903244972229,0.6047988320685923,-0.0336858384429477,0.8629,0.008000000000000007,0.49981073824688793,0.9284,9.004981,1.4095687,0.01,0.0,0,0.0,False,100,relative_perturbation,0.001,5,nll_loss
0,200,200,0.6643015146255493,-0.04846256971359253,0.6047571645550895,-0.033727505956450465,0.8603,0.00539999999999996,0.5054886035249103,0.9264,9.054886,1.4173805,0.01,0.0,0,0.0,False,100,relative_perturbation,0.001,6,nll_loss
0,200,200,0.6654214262962341,-0.047342658042907715,0.61179659098899,-0.026688079522550034,0.8585,0.0036000000000000476,0.5096666587195359,0.9253,9.010404,1.4104176,0.01,0.0,0,0.0,False,100,relative_perturbation,0.001,7,nll_loss
0,200,200,0.7106665968894958,-0.002097487449645996,0.6175430774413515,-0.020941593070188502,0.8613,0.006399999999999961,0.5170469386905897,0.9296,9.033801,1.41408,0.01,0.0,0,0.0,False,100,relative_perturbation,0.001,8,nll_loss
0,200,200,0.6552914381027222,-0.05747264623641968,0.6075639594601467,-0.030920711051393268,0.8644,0.009499999999999953,0.5081171451600268,0.9281,9.026455,1.4129301,0.01,0.0,0,0.0,False,100,relative_perturbation,0.001,9,nll_loss
0,300,300,0.6273670792579651,0.0,0.5033515310563321,0.0,0.8748,0.0,0.36370323907622953,1.0,0.0,0.0,0.01,0.0,0,0.0,False,100,relative_perturbation,0.001,0,nll_loss
0,300,300,0.595738410949707,-0.03162866830825806,0.4728197161561227,-0.030531814900209397,0.8824,0.00759999999999994,0.3585897882262594,0.9466,9.262589,1.4220128,0.01,0.0,0,0.0,False,100,relative_perturbation,0.001,1,nll_loss
0,300,300,0.626667857170105,-0.0006992220878601074,0.47485205403766884,-0.02849947701866329,0.8825,0.007699999999999929,0.3554260077343817,0.9504,9.172878,1.4082402,0.01,0.0,0,0.0,False,100,relative_perturbation,0.001,2,nll_loss
0,300,300,0.6248540282249451,-0.0025130510330200195,0.4915734055330162,-0.011778125523315919,0.8778,0.0030000000000000027,0.37473675588938643,0.9503,9.142036,1.4035053,0.01,0.0,0,0.0,False,100,relative_perturbation,0.001,3,nll_loss
0,300,300,0.6087757349014282,-0.018591344356536865,0.4866301573494915,-0.016721373706840625,0.8795,0.0046999999999999265,0.366523493170226,0.9515,9.211393,1.4141531,0.01,0.0,0,0.0,False,100,relative_perturbation,0.001,4,nll_loss
0,300,300,0.6123159527778625,-0.015051126480102539,0.485452229544241,-0.017899301512091126,0.8805,0.005699999999999927,0.3627650547490455,0.9485,9.16978,1.4077646,0.01,0.0,0,0.0,False,100,relative_perturbation,0.001,5,nll_loss
0,300,300,0.6045894622802734,-0.02277761697769165,0.4854524557992874,-0.017899075257044705,0.8796,0.0048000000000000265,0.36677919150293453,0.9491,9.220155,1.4154981,0.01,0.0,0,0.0,False,100,relative_perturbation,0.001,6,nll_loss
0,300,300,0.6179056763648987,-0.009461402893066406,0.4900757778223895,-0.013275753233942644,0.8775,0.0026999999999999247,0.3664784918777936,0.9478,9.181496,1.4095632,0.01,0.0,0,0.0,False,100,relative_perturbation,0.001,7,nll_loss
0,300,300,0.6093481183052063,-0.01801896095275879,0.48984858940528936,-0.013502941651042766,0.8794,0.0045999999999999375,0.3698457043665112,0.9521,9.202202,1.412742,0.01,0.0,0,0.0,False,100,relative_perturbation,0.001,8,nll_loss
0,300,300,0.6299982070922852,0.0026311278343200684,0.4838029207466461,-0.01954861030968602,0.8786,0.0038000000000000256,0.36399893017134743,0.9499,9.199886,1.4123865,0.01,0.0,0,0.0,False,100,relative_perturbation,0.001,9,nll_loss
0,400,400,0.5353689193725586,0.0,0.4366964363035891,0.0,0.8881,0.0,0.2968258958726335,1.0,0.0,0.0,0.01,0.0,0,0.0,False,100,relative_perturbation,0.001,0,nll_loss
0,400,400,0.5109782218933105,-0.024390697479248047,0.41616089109022286,-0.020535545213366257,0.8899,0.0018000000000000238,0.2950176113185298,0.957,9.391056,1.4216661,0.01,0.0,0,0.0,False,100,relative_perturbation,0.001,1,nll_loss
0,400,400,0.5229462385177612,-0.012422680854797363,0.4178396226076846,-0.01885681369590453,0.8908,0.0027000000000000357,0.293853036491989,0.9597,9.2935915,1.4069115,0.01,0.0,0,0.0,False,100,relative_perturbation,0.001,2,nll_loss
0,400,400,0.5210112929344177,-0.01435762643814087,0.42806927069826634,-0.008627165605322784,0.8877,-0.00039999999999995595,0.3069762052140257,0.9615,9.258267,1.4015639,0.01,0.0,0,0.0,False,100,relative_perturbation,0.001,3,nll_loss
0,400,400,0.526434063911438,-0.008934855461120605,0.42554190006690334,-0.011154536236685775,0.8873,-0.0008000000000000229,0.3003303309551091,0.9614,9.340379,1.4139943,0.01,0.0,0,0.0,False,100,relative_perturbation,0.001,4,nll_loss
0,400,400,0.5385839939117432,0.0032150745391845703,0.42596011085052016,-0.010736325453068962,0.8902,0.0020999999999999908,0.29836198586996615,0.96,9.2914095,1.4065812,0.01,0.0,0,0.0,False,100,relative_perturbation,0.001,5,nll_loss
0,400,400,0.5008565187454224,-0.03451240062713623,0.42592058022745477,-0.01077585607613435,0.8884,0.00029999999999996696,0.3007356417135947,0.9596,9.341733,1.4141994,0.01,0.0,0,0.0,False,100,relative_perturbation,0.001,6,nll_loss
0,400,400,0.5233388543128967,-0.012030065059661865,0.4281248627996974,-0.008571573503891705,0.8879,-0.00019999999999997797,0.300176736889311,0.9581,9.306406,1.4088514,0.01,0.0,0,0.0,False,100,relative_perturbation,0.001,7,nll_loss
0,400,400,0.536843478679657,0.0014745593070983887,0.427692619462515,-0.009003816841074097,0.8885,0.00039999999999995595,0.3028922410881321,0.9603,9.324615,1.4116079,0.01,0.0,0,0.0,False,100,relative_perturbation,0.001,8,nll_loss
0,400,400,0.523127555847168,-0.012241363525390625,0.4241531291194784,-0.01254330718411073,0.888,-9.999999999998899e-05,0.2990313826179656,0.9585,9.327253,1.4120073,0.01,0.0,0,0.0,False,100,relative_perturbation,0.001,9,nll_loss
0,500,500,0.5533690452575684,0.0,0.3970776086545695,0.0,0.893,0.0,0.256124786899719,1.0,0.0,0.0,0.01,0.0,0,0.0,False,100,relative_perturbation,0.001,0,nll_loss
0,500,500,0.5232062935829163,-0.0301627516746521,0.383358028709847,-0.013719579944722504,0.8948,0.0018000000000000238,0.2561122667910116,0.9646,9.494708,1.4212295,0.01,0.0,0,0.0,False,100,relative_perturbation,0.001,1,nll_loss
0,500,500,0.5422051548957825,-0.011163890361785889,0.38406555899932354,-0.013012049655245939,0.8964,0.0033999999999999586,0.2564361316437957,0.9649,9.394043,1.4061613,0.01,0.0,0,0.0,False,100,relative_perturbation,0.001,2,nll_loss
0,500,500,0.5259841084480286,-0.027384936809539795,0.390753634342779,-0.006323974311790492,0.8946,0.0015999999999999348,0.26419562951870684,0.9664,9.354044,1.400174,0.01,0.0,0,0.0,False,100,relative_perturbation,0.001,3,nll_loss
0,500,500,0.5425146818161011,-0.010854363441467285,0.38836989082154394,-0.008707717833025541,0.8949,0.0019000000000000128,0.25998382143602283,0.9677,9.445568,1.4138739,0.01,0.0,0,0.0,False,100,relative_perturbation,0.001,4,nll_loss
0,500,500,0.5281616449356079,-0.02520740032196045,0.38936634054657115,-0.007711268107998326,0.8952,0.0021999999999999797,0.25919418945496947,0.9648,9.391519,1.4057834,0.01,0.0,0,0.0,False,100,relative_perturbation,0.001,5,nll_loss
0,500,500,0.5464869737625122,-0.006882071495056152,0.3894661593823432,-0.007611449272226289,0.8951,0.0020999999999999908,0.2610861414009443,0.9618,9.440037,1.413046,0.01,0.0,0,0.0,False,100,relative_perturbation,0.001,6,nll_loss
0,500,500,0.5517510175704956,-0.001618027687072754,0.3915350164873169,-0.005542592167252558,0.8929,-9.999999999998899e-05,0.2583827448064105,0.9649,9.409355,1.4084533,0.01,0.0,0,0.0,False,100,relative_perturbation,0.001,7,nll_loss
0,500,500,0.525783896446228,-0.027585148811340332,0.39140844434843314,-0.005669164306136343,0.894,0.0010000000000000009,0.2630995813767324,0.9637,9.425335,1.4108453,0.01,0.0,0,0.0,False,100,relative_perturbation,0.001,8,nll_loss
0,500,500,0.5399112701416016,-0.013457775115966797,0.38863563178086624,-0.008441976873703239,0.8939,0.0009000000000000119,0.25819702759606733,0.9663,9.430001,1.4115437,0.01,0.0,0,0.0,False,100,relative_perturbation,0.001,9,nll_loss
0,600,600,0.3357434570789337,0.0,0.3710578380125364,0.0,0.8974,0.0,0.22743283644959084,1.0,0.0,0.0,0.01,0.0,0,0.0,False,100,relative_perturbation,0.001,0,nll_loss
0,600,600,0.3147776424884796,-0.0209658145904541,0.3613170455539861,-0.009740792458550307,0.9006,0.0031999999999999806,0.23099451805188145,0.9648,9.582308,1.4210014,0.01,0.0,0,0.0,False,100,relative_perturbation,0.001,1,nll_loss
0,600,600,0.3168163299560547,-0.01892712712287903,0.3610738950408755,-0.009983942971660886,0.9018,0.0044000000000000705,0.23100805079264028,0.9666,9.478965,1.4056762,0.01,0.0,0,0.0,False,100,relative_perturbation,0.001,2,nll_loss
0,600,600,0.323819100856781,-0.01192435622215271,0.36517350355454475,-0.005884334457991636,0.8996,0.0021999999999999797,0.23623964464806704,0.966,9.433959,1.3990021,0.01,0.0,0,0.0,False,100,relative_perturbation,0.001,3,nll_loss
0,600,600,0.3251228332519531,-0.01062062382698059,0.36529024727921494,-0.005767590733321448,0.8988,0.0014000000000000679,0.23363225559163403,0.9674,9.53394,1.4138287,0.01,0.0,0,0.0,False,100,relative_perturbation,0.001,4,nll_loss
0,600,600,0.30694302916526794,-0.02880042791366577,0.36511278491151317,-0.005945053101023223,0.9004,0.0030000000000000027,0.2331325998958273,0.9648,9.474192,1.4049684,0.01,0.0,0,0.0,False,100,relative_perturbation,0.001,5,nll_loss
0,600,600,0.33612802624702454,0.0003845691680908203,0.3659021392645387,-0.005155698747997706,0.8998,0.0024000000000000687,0.23461925479099882,0.9638,9.525354,1.4125556,0.01,0.0,0,0.0,False,100,relative_perturbation,0.001,6,nll_loss
0,600,600,0.3447677791118622,0.009024322032928467,0.36820492547640754,-0.0028529125361288488,0.8986,0.0011999999999999789,0.23360282013157557,0.9663,9.495806,1.4081737,0.01,0.0,0,0.0,False,100,relative_perturbation,0.001,7,nll_loss
0,600,600,0.3454838693141937,0.00974041223526001,0.36776455403620495,-0.0032932839763314403,0.898,0.0006000000000000449,0.2348882888320659,0.9682,9.511055,1.410435,0.01,0.0,0,0.0,False,100,relative_perturbation,0.001,8,nll_loss
0,600,600,0.3224587142467499,-0.013284742832183838,0.3658256906110866,-0.005232147401449783,0.899,0.0016000000000000458,0.23243449642025663,0.9665,9.518058,1.4114735,0.01,0.0,0,0.0,False,100,relative_perturbation,0.001,9,nll_loss
0,700,700,0.3379785418510437,0.0,0.3511967595732662,0.0,0.9024,0.0,0.2091249200654107,1.0,0.0,0.0,0.01,0.0,0,0.0,False,100,relative_perturbation,0.001,0,nll_loss
0,700,700,0.32789355516433716,-0.010084986686706543,0.3434171015955428,-0.007779657977723398,0.9042,0.0018000000000000238,0.2117032347369859,0.9725,9.657217,1.4210554,0.01,0.0,0,0.0,False,100,relative_perturbation,0.001,1,nll_loss
0,700,700,0.3258017301559448,-0.012176811695098877,0.34298321628023587,-0.008213543293030312,0.9068,0.0044000000000000705,0.21255626498975508,0.9695,9.551956,1.4055663,0.01,0.0,0,0.0,False,100,relative_perturbation,0.001,2,nll_loss
0,700,700,0.3397969901561737,0.0018184483051300049,0.34573582964022936,-0.005460929933036818,0.9048,0.0024000000000000687,0.21618198330900923,0.9712,9.503893,1.3984939,0.01,0.0,0,0.0,False,100,relative_perturbation,0.001,3,nll_loss
0,700,700,0.33827558159828186,0.0002970397472381592,0.345325151314996,-0.005871608258270156,0.905,0.0026000000000000467,0.21356750215519205,0.9723,9.609714,1.4140654,0.01,0.0,0,0.0,False,100,relative_perturbation,0.001,4,nll_loss
0,700,700,0.31032857298851013,-0.02764996886253357,0.34648468796219933,-0.004712071611066848,0.9034,0.0010000000000000009,0.2133224968827355,0.9701,9.547071,1.4048476,0.01,0.0,0,0.0,False,100,relative_perturbation,0.001,5,nll_loss
0,700,700,0.32147321105003357,-0.016505330801010132,0.34741315576647247,-0.0037836038067937117,0.9036,0.0011999999999999789,0.21523051941160884,0.9691,9.597567,1.4122779,0.01,0.0,0,0.0,False,100,relative_perturbation,0.001,6,nll_loss
0,700,700,0.33819344639778137,0.0002149045467376709,0.3497544623167949,-0.00144229725647127,0.9035,0.0010999999999999899,0.2133613720479185,0.9706,9.570012,1.4082233,0.01,0.0,0,0.0,False,100,relative_perturbation,0.001,7,nll_loss
0,700,700,0.34823304414749146,0.010254502296447754,0.34841522666070524,-0.0027815329125609467,0.9029,0.000500000000000056,0.21592684277104127,0.9704,9.581369,1.4098945,0.01,0.0,0,0.0,False,100,relative_perturbation,0.001,8,nll_loss
0,700,700,0.3202689290046692,-0.01770961284637451,0.34757806125927454,-0.0036186983139916418,0.9031,0.0007000000000000339,0.21342502861853427,0.9717,9.59046,1.4112321,0.01,0.0,0,0.0,False,100,relative_perturbation,0.001,9,nll_loss
0,800,800,0.2790568172931671,0.0,0.33662816349940183,0.0,0.9047,0.0,0.19611805697457677,1.0,0.0,0.0,0.01,0.0,0,0.0,False,100,relative_perturbation,0.001,0,nll_loss
0,800,800,0.2715417146682739,-0.0075151026248931885,0.33049035897515894,-0.006137804524242896,0.9063,0.0016000000000000458,0.20019612020449895,0.9699,9.724899,1.4208243,0.01,0.0,0,0.0,False,100,relative_perturbation,0.001,1,nll_loss
0,800,800,0.2743127644062042,-0.004744052886962891,0.32979044741937685,-0.00683771608002498,0.9084,0.0037000000000000366,0.2007306926395351,0.9681,9.618374,1.4052608,0.01,0.0,0,0.0,False,100,relative_perturbation,0.001,2,nll_loss
0,800,800,0.27681317925453186,-0.002243638038635254,0.33168805277468744,-0.004940110724714397,0.907,0.0023000000000000798,0.20256266053617109,0.9723,9.56654,1.3976878,0.01,0.0,0,0.0,False,100,relative_perturbation,0.001,3,nll_loss
0,800,800,0.26716089248657227,-0.011895924806594849,0.33172845948081814,-0.004899704018583695,0.9081,0.0034000000000000696,0.2001113919595664,0.9747,9.677702,1.4139287,0.01,0.0,0,0.0,False,100,relative_perturbation,0.001,4,nll_loss
0,800,800,0.2664698362350464,-0.012586981058120728,0.3320935146886204,-0.0045346488107814165,0.9065,0.0018000000000000238,0.20056559713653296,0.9743,9.611847,1.4043072,0.01,0.0,0,0.0,False,100,relative_perturbation,0.001,5,nll_loss
0,800,800,0.2689224183559418,-0.010134398937225342,0.33364594309497697,-0.0029822204044248624,0.9075,0.0028000000000000247,0.2027294587721124,0.9682,9.663209,1.4118112,0.01,0.0,0,0.0,False,100,relative_perturbation,0.001,6,nll_loss
0,800,800,0.2692350149154663,-0.009821802377700806,0.33671165863212554,8.34951327237099e-05,0.9047,0.0,0.20116621999612436,0.9712,9.636583,1.4079212,0.01,0.0,0,0.0,False,100,relative_perturbation,0.001,7,nll_loss
0,800,800,0.26288843154907227,-0.01616838574409485,0.3350980561901852,-0.001530107309216655,0.9053,0.0006000000000000449,0.20280453293566025,0.971,9.648767,1.4097013,0.01,0.0,0,0.0,False,100,relative_perturbation,0.001,8,nll_loss
0,800,800,0.2694236934185028,-0.009633123874664307,0.3339134299910096,-0.002714733508392242,0.9057,0.0010000000000000009,0.20091734706176723,0.9721,9.658293,1.411093,0.01,0.0,0,0.0,False,100,relative_perturbation,0.001,9,nll_loss
0,900,900,0.37143903970718384,0.0,0.32433878388645865,0.0,0.9082,0.0,0.18301662103420857,1.0,0.0,0.0,0.01,0.0,0,0.0,False,100,relative_perturbation,0.001,0,nll_loss
0,900,900,0.3530781865119934,-0.01836085319519043,0.3199752054876364,-0.004363578398822232,0.9087,0.0004999999999999449,0.1877147738726526,0.9717,9.789665,1.4207919,0.01,0.0,0,0.0,False,100,relative_perturbation,0.001,1,nll_loss
0,900,900,0.3606404662132263,-0.01079857349395752,0.3185382364504687,-0.005800547435989956,0.9103,0.0020999999999999908,0.187677763006249,0.9736,9.681361,1.4050735,0.01,0.0,0,0.0,False,100,relative_perturbation,0.001,2,nll_loss
0,900,900,0.3647730350494385,-0.006666004657745361,0.3195868375273716,-0.004751946359087045,0.9097,0.0014999999999999458,0.18910102339240875,0.9741,9.627212,1.3972147,0.01,0.0,0,0.0,False,100,relative_perturbation,0.001,3,nll_loss
0,900,900,0.3895394504070282,0.01810041069984436,0.3202812816080019,-0.004057502278456748,0.91,0.0018000000000000238,0.18749279426078647,0.9768,9.743355,1.4140708,0.01,0.0,0,0.0,False,100,relative_perturbation,0.001,4,nll_loss
0,900,900,0.3744545578956604,0.0030155181884765625,0.32092761109238727,-0.003411172794071382,0.9103,0.0020999999999999908,0.18794337565656988,0.9741,9.673216,1.4038914,0.01,0.0,0,0.0,False,100,relative_perturbation,0.001,5,nll_loss
0,900,900,0.3683745563030243,-0.003064483404159546,0.3227457211092817,-0.0015930627771769679,0.9101,0.0019000000000000128,0.18943419287472535,0.9717,9.7250395,1.4114126,0.01,0.0,0,0.0,False,100,relative_perturbation,0.001,6,nll_loss
0,900,900,0.3789832293987274,0.007544189691543579,0.3250149419743555,0.0006761580878968387,0.9078,-0.00039999999999995595,0.1882233473761926,0.9726,9.700393,1.4078356,0.01,0.0,0,0.0,False,100,relative_perturbation,0.001,7,nll_loss
0,900,900,0.3629513382911682,-0.008487701416015625,0.3239557405324915,-0.0003830433539671607,0.9084,0.00019999999999997797,0.19003031731027004,0.9723,9.71213,1.409539,0.01,0.0,0,0.0,False,100,relative_perturbation,0.001,8,nll_loss
0,900,900,0.39402666687965393,0.022587627172470093,0.32300109491264445,-0.0013376889738141995,0.9084,0.00019999999999997797,0.18814824559595436,0.974,9.72461,1.4113504,0.01,0.0,0,0.0,False,100,relative_perturbation,0.001,9,nll_loss
1,0,938,0.15178456902503967,0.0,0.3203909618948921,0.0,0.9104,0.0,0.17952132491658995,1.0,0.0,0.0,0.01,0.0,0,0.0,False,100,relative_perturbation,0.001,0,nll_loss
1,0,938,0.15029311180114746,-0.001491457223892212,0.3178650349068314,-0.0025259269880607005,0.9098,-0.0005999999999999339,0.184057291693785,0.9758,9.810633,1.4207934,0.01,0.0,0,0.0,False,100,relative_perturbation,0.001,1,nll_loss
1,0,938,0.161833256483078,0.01004868745803833,0.31558066999506157,-0.00481029189983051,0.9117,0.0012999999999999678,0.18418320466330224,0.9764,9.703114,1.4052223,0.01,0.0,0,0.0,False,100,relative_perturbation,0.001,2,nll_loss
1,0,938,0.16235357522964478,0.010569006204605103,0.3166729784619838,-0.0037179834329083006,0.9114,0.0010000000000000009,0.18600774446137547,0.9759,9.647391,1.3971524,0.01,0.0,0,0.0,False,100,relative_perturbation,0.001,3,nll_loss
1,0,938,0.15887677669525146,0.007092207670211792,0.31745766817890436,-0.002933293715987717,0.911,0.0006000000000000449,0.18395800931509912,0.9771,9.764542,1.4141184,0.01,0.0,0,0.0,False,100,relative_perturbation,0.001,4,nll_loss
1,0,938,0.1580727994441986,0.0062882304191589355,0.3174215822499589,-0.0029693796449331566,0.9114,0.0010000000000000009,0.18489960133883815,0.9749,9.69399,1.403901,0.01,0.0,0,0.0,False,100,relative_perturbation,0.001,5,nll_loss
1,0,938,0.1522350013256073,0.00045043230056762695,0.3198279047362972,-0.0005630571585948929,0.9111,0.0007000000000000339,0.1856442166343797,0.9738,9.744753,1.4112525,0.01,0.0,0,0.0,False,100,relative_perturbation,0.001,6,nll_loss
1,0,938,0.1585915982723236,0.0068070292472839355,0.32229787388942516,0.0019069119945330781,0.9101,-0.00029999999999996696,0.18460750893173117,0.975,9.721703,1.4079144,0.01,0.0,0,0.0,False,100,relative_perturbation,0.001,7,nll_loss
1,0,938,0.15102262794971466,-0.0007619410753250122,0.3212270931643212,0.0008361312694291079,0.9101,-0.00029999999999996696,0.186813433317166,0.9753,9.733148,1.4095719,0.01,0.0,0,0.0,False,100,relative_perturbation,0.001,8,nll_loss
1,0,938,0.15110908448696136,-0.0006754845380783081,0.3204289299660915,3.796807119943457e-05,0.9098,-0.0005999999999999339,0.1852139613526495,0.9748,9.745878,1.4114155,0.01,0.0,0,0.0,False,100,relative_perturbation,0.001,9,nll_loss
1,100,1038,0.3340618312358856,0.0,0.3120009396970394,0.0,0.9104,0.0,0.1719944924577261,1.0,0.0,0.0,0.01,0.0,0,0.0,False,100,relative_perturbation,0.001,0,nll_loss
1,100,1038,0.32174885272979736,-0.012312978506088257,0.3088928974512044,-0.0031080422458349966,0.912,0.0016000000000000458,0.17772323622992373,0.9754,9.862194,1.4209838,0.01,0.0,0,0.0,False,100,relative_perturbation,0.001,1,nll_loss
1,100,1038,0.3236871063709259,-0.010374724864959717,0.3072526814577728,-0.004748258239266612,0.914,0.0036000000000000476,0.17695137212701137,0.9772,9.753635,1.4053422,0.01,0.0,0,0.0,False,100,relative_perturbation,0.001,2,nll_loss
1,100,1038,0.32065075635910034,-0.013411074876785278,0.3073909637529136,-0.0046099759441258215,0.9148,0.0043999999999999595,0.1787719793630031,0.9754,9.695146,1.3969148,0.01,0.0,0,0.0,False,100,relative_perturbation,0.001,3,nll_loss
1,100,1038,0.31827640533447266,-0.015785425901412964,0.3084918662580598,-0.003509073438979604,0.9138,0.0033999999999999586,0.1761524030547991,0.9767,9.815576,1.4142668,0.01,0.0,0,0.0,False,100,relative_perturbation,0.001,4,nll_loss
1,100,1038,0.336717426776886,0.002655595541000366,0.3088100936105095,-0.0031908460865299193,0.9126,0.0021999999999999797,0.17679946288020273,0.9767,9.741563,1.4036027,0.01,0.0,0,0.0,False,100,relative_perturbation,0.001,5,nll_loss
1,100,1038,0.33533748984336853,0.0012756586074829102,0.3109463853614816,-0.001054554335557789,0.9126,0.0021999999999999797,0.178349792140484,0.9756,9.792159,1.4108928,0.01,0.0,0,0.0,False,100,relative_perturbation,0.001,6,nll_loss
1,100,1038,0.33137014508247375,-0.0026916861534118652,0.31318643113466477,0.0011854914376253634,0.9114,0.0010000000000000009,0.1776133188414251,0.9774,9.771189,1.4078714,0.01,0.0,0,0.0,False,100,relative_perturbation,0.001,7,nll_loss
1,100,1038,0.33058691024780273,-0.0034749209880828857,0.3119509246456002,-5.00150514392006e-05,0.9129,0.0025000000000000577,0.17792274444080267,0.9774,9.78247,1.4094968,0.01,0.0,0,0.0,False,100,relative_perturbation,0.001,8,nll_loss
1,100,1038,0.3186820447444916,-0.015379786491394043,0.3111324201506635,-0.000868519546375901,0.9131,0.0027000000000000357,0.17673787583206577,0.9769,9.797304,1.4116342,0.01,0.0,0,0.0,False,100,relative_perturbation,0.001,9,nll_loss
1,200,1138,0.35198888182640076,0.0,0.3024103143599794,0.0,0.9142,0.0,0.16470021952232128,1.0,0.0,0.0,0.01,0.0,0,0.0,False,100,relative_perturbation,0.001,0,nll_loss
1,200,1138,0.34823110699653625,-0.003757774829864502,0.30076776889368484,-0.0016425454662945538,0.9141,-9.999999999998899e-05,0.16955162574827265,0.9782,9.914045,1.4209965,0.01,0.0,0,0.0,False,100,relative_perturbation,0.001,1,nll_loss
1,200,1138,0.3592880666255951,0.007299184799194336,0.2986974667275146,-0.0037128476324647663,0.9172,0.0030000000000000027,0.16947918163163667,0.9774,9.805366,1.4054193,0.01,0.0,0,0.0,False,100,relative_perturbation,0.001,2,nll_loss
1,200,1138,0.3603711426258087,0.008382260799407959,0.29819542516390274,-0.004214889196076654,0.9172,0.0030000000000000027,0.17103447285252105,0.9752,9.743576,1.3965629,0.01,0.0,0,0.0,False,100,relative_perturbation,0.001,3,nll_loss
1,200,1138,0.346235990524292,-0.005752891302108765,0.29974960069583784,-0.0026607136641415563,0.9163,0.0020999999999999908,0.1692910080615623,0.9771,9.867948,1.4143893,0.01,0.0,0,0.0,False,100,relative_perturbation,0.001,4,nll_loss
1,200,1138,0.3444633483886719,-0.007525533437728882,0.3002299502152101,-0.002180364144769298,0.9169,0.0027000000000000357,0.16895360656688818,0.978,9.792354,1.4035543,0.01,0.0,0,0.0,False,100,relative_perturbation,0.001,5,nll_loss
1,200,1138,0.3415466547012329,-0.010442227125167847,0.30250400047970727,9.3686119727876e-05,0.9161,0.0019000000000000128,0.1697381137754095,0.9779,9.842584,1.4107538,0.01,0.0,0,0.0,False,100,relative_perturbation,0.001,6,nll_loss
1,200,1138,0.34194350242614746,-0.010045379400253296,0.30472487573320134,0.002314561373221946,0.9136,-0.0006000000000000449,0.16943950961375695,0.9778,9.821929,1.4077934,0.01,0.0,0,0.0,False,100,relative_perturbation,0.001,7,nll_loss
1,200,1138,0.34542518854141235,-0.006563693284988403,0.3032862783268767,0.0008759639668973196,0.9159,0.0017000000000000348,0.1701117529605257,0.979,9.833556,1.40946,0.01,0.0,0,0.0,False,100,relative_perturbation,0.001,8,nll_loss
1,200,1138,0.337003231048584,-0.014985650777816772,0.3026993577847192,0.0002890434247397877,0.9149,0.0007000000000000339,0.16942643710113406,0.9771,9.850332,1.4118644,0.01,0.0,0,0.0,False,100,relative_perturbation,0.001,9,nll_loss
1,300,1238,0.2971744239330292,0.0,0.2981874593745644,0.0,0.9153,0.0,0.15932445906677348,1.0,0.0,0.0,0.01,0.0,0,0.0,False,100,relative_perturbation,0.001,0,nll_loss
1,300,1238,0.30828842520713806,0.011114001274108887,0.296909750048059,-0.0012777093265054495,0.9164,0.0010999999999999899,0.16474177923555197,0.977,9.958573,1.4210094,0.01,0.0,0,0.0,False,100,relative_perturbation,0.001,1,nll_loss
1,300,1238,0.27644187211990356,-0.02073255181312561,0.29413661230503274,-0.004050847069531682,0.9182,0.0029000000000000137,0.16473280766819298,0.9778,9.85041,1.4055754,0.01,0.0,0,0.0,False,100,relative_perturbation,0.001,2,nll_loss
1,300,1238,0.27491265535354614,-0.022261768579483032,0.2939797903567096,-0.004207669017854798,0.919,0.0037000000000000366,0.16516924152663068,0.9784,9.785882,1.3963677,0.01,0.0,0,0.0,False,100,relative_perturbation,0.001,3,nll_loss
1,300,1238,0.30978143215179443,0.012607008218765259,0.295451990821057,-0.0027354685535074252,0.9181,0.0028000000000000247,0.16347546551146824,0.9779,9.91462,1.4147377,0.01,0.0,0,0.0,False,100,relative_perturbation,0.001,4,nll_loss
1,300,1238,0.28146812319755554,-0.015706300735473633,0.29704709053043155,-0.0011403688441328774,0.9172,0.0019000000000000128,0.1642394652011233,0.9786,9.836847,1.40364,0.01,0.0,0,0.0,False,100,relative_perturbation,0.001,5,nll_loss
1,300,1238,0.30419862270355225,0.007024198770523071,0.29814611663408525,-4.134274047917774e-05,0.9175,0.0021999999999999797,0.16478859570082222,0.977,9.885474,1.4105787,0.01,0.0,0,0.0,False,100,relative_perturbation,0.001,6,nll_loss
1,300,1238,0.30275869369506836,0.005584269762039185,0.30107888431264057,0.002891424938076148,0.9148,-0.000500000000000056,0.16408686854079332,0.9789,9.8661785,1.4078254,0.01,0.0,0,0.0,False,100,relative_perturbation,0.001,7,nll_loss
1,300,1238,0.2914198935031891,-0.005754530429840088,0.29894773585195344,0.0007602764773890214,0.9166,0.0012999999999999678,0.16515782082294736,0.9777,9.877594,1.4094543,0.01,0.0,0,0.0,False,100,relative_perturbation,0.001,8,nll_loss
1,300,1238,0.3206709921360016,0.023496568202972412,0.2987325043386347,0.0005450449640702626,0.9169,0.0016000000000000458,0.16434057668540955,0.9782,9.896693,1.4121796,0.01,0.0,0,0.0,False,100,relative_perturbation,0.001,9,nll_loss
1,400,1338,0.10110072046518326,0.0,0.2897073820705432,0.0,0.9169,0.0,0.15498999407746825,1.0,0.0,0.0,0.01,0.0,0,0.0,False,100,relative_perturbation,0.001,0,nll_loss
1,400,1338,0.09811580926179886,-0.0029849112033843994,0.2896558248033609,-5.1557267182311683e-05,0.9157,-0.0012000000000000899,0.16143502749869149,0.9764,10.004978,1.4210037,0.01,0.0,0,0.0,False,100,relative_perturbation,0.001,1,nll_loss
1,400,1338,0.09140818566083908,-0.009692534804344177,0.2867691478637762,-0.0029382342067669764,0.9195,0.0025999999999999357,0.16047312093640376,0.9774,9.896133,1.4055445,0.01,0.0,0,0.0,False,100,relative_perturbation,0.001,2,nll_loss
1,400,1338,0.10071830451488495,-0.0003824159502983093,0.2859287722187699,-0.003778609851773307,0.9189,0.0020000000000000018,0.16137613158734748,0.9764,9.829999,1.3961515,0.01,0.0,0,0.0,False,100,relative_perturbation,0.001,3,nll_loss
1,400,1338,0.08847285807132721,-0.012627862393856049,0.2873282330542412,-0.0023791490163019846,0.9187,0.0017999999999999128,0.15959831673680624,0.9765,9.960021,1.4146185,0.01,0.0,0,0.0,False,100,relative_perturbation,0.001,4,nll_loss
1,400,1338,0.10344667732715607,0.002345956861972809,0.2886048543123443,-0.0011025277581989124,0.9178,0.0008999999999999009,0.1597308522052046,0.978,9.878481,1.4030374,0.01,0.0,0,0.0,False,100,relative_perturbation,0.001,5,nll_loss
1,400,1338,0.09673068672418594,-0.0043700337409973145,0.2910719943062847,0.0013646122357415247,0.9187,0.0017999999999999128,0.16140395900066734,0.9783,9.930674,1.4104503,0.01,0.0,0,0.0,False,100,relative_perturbation,0.001,6,nll_loss
1,400,1338,0.10708046704530716,0.005979746580123901,0.2929090402626696,0.003201658192126422,0.9164,-0.000500000000000056,0.1601765643827881,0.9781,9.912299,1.4078406,0.01,0.0,0,0.0,False,100,relative_perturbation,0.001,7,nll_loss
1,400,1338,0.10147368907928467,0.0003729686141014099,0.29152449102826083,0.0018171089577176391,0.9175,0.0005999999999999339,0.1613061052675419,0.9779,9.922502,1.4092896,0.01,0.0,0,0.0,False,100,relative_perturbation,0.001,8,nll_loss
1,400,1338,0.08989021927118301,-0.011210501194000244,0.29039870012591507,0.0006913180553718701,0.9183,0.0013999999999999568,0.16017311588258398,0.9773,9.943028,1.412205,0.01,0.0,0,0.0,False,100,relative_perturbation,0.001,9,nll_loss
1,500,1438,0.3979734182357788,0.0,0.28093771160533226,0.0,0.9199,0.0,0.14932987784668375,1.0,0.0,0.0,0.01,0.0,0,0.0,False,100,relative_perturbation,0.001,0,nll_loss
1,500,1438,0.36766937375068665,-0.030304044485092163,0.28079975829506293,-0.00013795331026933422,0.9198,-0.00010000000000010001,0.15493926206948236,0.9768,10.046953,1.4210798,0.01,0.0,0,0.0,False,100,relative_perturbation,0.001,1,nll_loss
1,500,1438,0.3751518726348877,-0.022821545600891113,0.27807169020002165,-0.0028660214053106148,0.9215,0.0015999999999999348,0.15454025101157295,0.9784,9.938102,1.4056834,0.01,0.0,0,0.0,False,100,relative_perturbation,0.001,2,nll_loss
1,500,1438,0.4026394784450531,0.004666060209274292,0.27724917665888127,-0.0036885349464509942,0.9225,0.0025999999999999357,0.1550242885150531,0.979,9.869309,1.3959532,0.01,0.0,0,0.0,False,100,relative_perturbation,0.001,3,nll_loss
1,500,1438,0.3848552703857422,-0.013118147850036621,0.27868612989227626,-0.0022515817130560056,0.9204,0.0004999999999999449,0.15405524475512433,0.976,10.003977,1.415001,0.01,0.0,0,0.0,False,100,relative_perturbation,0.001,4,nll_loss
1,500,1438,0.3824208080768585,-0.015552610158920288,0.27945647500583964,-0.001481236599492619,0.9206,0.0006999999999999229,0.15380747500982198,0.979,9.918824,1.4029567,0.01,0.0,0,0.0,False,100,relative_perturbation,0.001,5,nll_loss
1,500,1438,0.38791340589523315,-0.010060012340545654,0.2818693843502031,0.0009316727448708262,0.9206,0.0006999999999999229,0.15491482593453876,0.9781,9.971106,1.4103516,0.01,0.0,0,0.0,False,100,relative_perturbation,0.001,6,nll_loss
1,500,1438,0.40039336681365967,0.0024199485778808594,0.28395826314134703,0.0030205515360147706,0.919,-0.0009000000000000119,0.1539816207462567,0.9783,9.95544,1.4081358,0.01,0.0,0,0.0,False,100,relative_perturbation,0.001,7,nll_loss
1,500,1438,0.39067861437797546,-0.007294803857803345,0.2827266930151192,0.0017889814097869494,0.9201,0.00019999999999997797,0.15485245675592887,0.9774,9.962564,1.4091436,0.01,0.0,0,0.0,False,100,relative_perturbation,0.001,8,nll_loss
1,500,1438,0.3863257169723511,-0.011647701263427734,0.2820882250489971,0.0011505134436648468,0.9209,0.0010000000000000009,0.15382138967929185,0.9795,9.986577,1.41254,0.01,0.0,0,0.0,False,100,relative_perturbation,0.001,9,nll_loss
1,600,1538,0.38328808546066284,0.0,0.27991933753466147,0.0,0.9183,0.0,0.1469488159808694,1.0,0.0,0.0,0.01,0.0,0,0.0,False,100,relative_perturbation,0.001,0,nll_loss
1,600,1538,0.3865627646446228,0.003274679183959961,0.28042473147054936,0.0005053939358878878,0.9197,0.0013999999999999568,0.15305566625352748,0.978,10.08465,1.4212078,0.01,0.0,0,0.0,False,100,relative_perturbation,0.001,1,nll_loss
1,600,1538,0.3723052442073822,-0.01098284125328064,0.27703188700094716,-0.0028874505337143086,0.9225,0.0041999999999999815,0.1530883644267534,0.9791,9.977952,1.4061711,0.01,0.0,0,0.0,False,100,relative_perturbation,0.001,2,nll_loss
1,600,1538,0.3790845572948456,-0.004203528165817261,0.27564776669128715,-0.004271570843374317,0.9221,0.0038000000000000256,0.15263487496984107,0.9788,9.904234,1.3957821,0.01,0.0,0,0.0,False,100,relative_perturbation,0.001,3,nll_loss
1,600,1538,0.37076428532600403,-0.012523800134658813,0.27716999767910777,-0.0027493398555537008,0.921,0.0027000000000000357,0.15168460455903873,0.9777,10.041609,1.415142,0.01,0.0,0,0.0,False,100,relative_perturbation,0.001,4,nll_loss
1,600,1538,0.38284996151924133,-0.0004381239414215088,0.27829494114646797,-0.0016243963881935053,0.921,0.0027000000000000357,0.15245954604179707,0.9793,9.955318,1.4029814,0.01,0.0,0,0.0,False,100,relative_perturbation,0.001,5,nll_loss
1,600,1538,0.3730624318122864,-0.010225653648376465,0.280920299311747,0.0010009617770855295,0.9207,0.0023999999999999577,0.15173059474734701,0.9794,10.008362,1.4104567,0.01,0.0,0,0.0,False,100,relative_perturbation,0.001,6,nll_loss
1,600,1538,0.4060118794441223,0.022723793983459473,0.2832940191681564,0.0033746816334949137,0.919,0.0007000000000000339,0.15156965742652045,0.9803,9.991578,1.4080913,0.01,0.0,0,0.0,False,100,relative_perturbation,0.001,7,nll_loss
1,600,1538,0.39771294593811035,0.01442486047744751,0.28136579620619595,0.0014464586715344785,0.9186,0.00029999999999996696,0.15269264314258763,0.9777,9.997987,1.4089946,0.01,0.0,0,0.0,False,100,relative_perturbation,0.001,8,nll_loss
1,600,1538,0.38868141174316406,0.005393326282501221,0.28004872763207034,0.00012939009740886576,0.9213,0.0030000000000000027,0.15214270597399526,0.9785,10.024096,1.412674,0.01,0.0,0,0.0,False,100,relative_perturbation,0.001,9,nll_loss
1,700,1638,0.2739381194114685,0.0,0.2712333329273742,0.0,0.9223,0.0,0.14304715718984426,1.0,0.0,0.0,0.01,0.0,0,0.0,False,100,relative_perturbation,0.001,0,nll_loss
1,700,1638,0.2649133503437042,-0.009024769067764282,0.2712476701929014,1.4337265527186727e-05,0.9222,-9.999999999998899e-05,0.14887243208389392,0.9781,10.123868,1.4212637,0.01,0.0,0,0.0,False,100,relative_perturbation,0.001,1,nll_loss
1,700,1638,0.280619740486145,0.006681621074676514,0.2675716819362013,-0.003661650991172938,0.9254,0.0030999999999999917,0.14861646382294094,0.978,10.016137,1.4061396,0.01,0.0,0,0.0,False,100,relative_perturbation,0.001,2,nll_loss
1,700,1638,0.26563113927841187,-0.00830698013305664,0.2674177712734222,-0.0038155616539520265,0.9247,0.0023999999999999577,0.1481206249494936,0.9797,9.9393835,1.3953644,0.01,0.0,0,0.0,False,100,relative_perturbation,0.001,3,nll_loss
1,700,1638,0.2642505466938019,-0.009687572717666626,0.2687190683741679,-0.0025142645532063024,0.9236,0.0012999999999999678,0.1465642105605544,0.9791,10.080163,1.415128,0.01,0.0,0,0.0,False,100,relative_perturbation,0.001,4,nll_loss
1,700,1638,0.27573466300964355,0.0017965435981750488,0.2692433723697618,-0.0019899605576124135,0.923,0.0007000000000000339,0.14764496967063215,0.9785,9.992852,1.4028707,0.01,0.0,0,0.0,False,100,relative_perturbation,0.001,5,nll_loss
1,700,1638,0.26082512736320496,-0.01311299204826355,0.27245765115702236,0.0012243182296481359,0.9236,0.0012999999999999678,0.14860461667747876,0.9781,10.044949,1.4101844,0.01,0.0,0,0.0,False,100,relative_perturbation,0.001,6,nll_loss
1,700,1638,0.2626255750656128,-0.011312544345855713,0.27490870219183816,0.0036753692644639346,0.9218,-0.000500000000000056,0.14742311336280509,0.9783,10.030614,1.408172,0.01,0.0,0,0.0,False,100,relative_perturbation,0.001,7,nll_loss
1,700,1638,0.27910491824150085,0.005166798830032349,0.2728414512517288,0.0016081183243545905,0.9246,0.0022999999999999687,0.14821455792783608,0.9791,10.035871,1.4089099,0.01,0.0,0,0.0,False,100,relative_perturbation,0.001,8,nll_loss
1,700,1638,0.2629871964454651,-0.010950922966003418,0.2721349241071637,0.000901591179789496,0.9236,0.0012999999999999678,0.14767669196233854,0.9795,10.064128,1.412877,0.01,0.0,0,0.0,False,100,relative_perturbation,0.001,9,nll_loss
1,800,1738,0.27507320046424866,0.0,0.26807949053930413,0.0,0.9242,0.0,0.1401799080972217,1.0,0.0,0.0,0.01,0.0,0,0.0,False,100,relative_perturbation,0.001,0,nll_loss
1,800,1738,0.23988673090934753,-0.03518646955490112,0.26883614265344113,0.000756652114137002,0.9223,-0.0019000000000000128,0.14615089077277116,0.9782,10.1638,1.4212782,0.01,0.0,0,0.0,False,100,relative_perturbation,0.001,1,nll_loss
1,800,1738,0.24770468473434448,-0.027368515729904175,0.2650816262871246,-0.0029978642521795162,0.9255,0.0012999999999999678,0.14634147157969282,0.9792,10.056153,1.4062251,0.01,0.0,0,0.0,False,100,relative_perturbation,0.001,2,nll_loss
1,800,1738,0.26439473032951355,-0.010678470134735107,0.26379210177003787,-0.004287388769266265,0.926,0.0018000000000000238,0.14548293459122452,0.9785,9.977984,1.3952942,0.01,0.0,0,0.0,False,100,relative_perturbation,0.001,3,nll_loss
1,800,1738,0.24914470314979553,-0.025928497314453125,0.26584793155422914,-0.0022315589850749884,0.9242,0.0,0.14435014896715542,0.9791,10.121264,1.41533,0.01,0.0,0,0.0,False,100,relative_perturbation,0.001,4,nll_loss
1,800,1738,0.26081326603889465,-0.014259934425354004,0.2665301483552606,-0.0015493421840435118,0.925,0.0008000000000000229,0.14475251779339104,0.9784,10.032095,1.4028609,0.01,0.0,0,0.0,False,100,relative_perturbation,0.001,5,nll_loss
1,800,1738,0.25989335775375366,-0.015179842710494995,0.2697801484184643,0.0017006578791601834,0.9247,0.0004999999999999449,0.14659071976210233,0.9775,10.0834675,1.4100447,0.01,0.0,0,0.0,False,100,relative_perturbation,0.001,6,nll_loss
1,800,1738,0.2585643529891968,-0.01650884747505188,0.27196657128678664,0.0038870807474825075,0.922,-0.0021999999999999797,0.14500913440044996,0.9775,10.0714,1.4083571,0.01,0.0,0,0.0,False,100,relative_perturbation,0.001,7,nll_loss
1,800,1738,0.2595534026622772,-0.015519797801971436,0.26983495390272166,0.001755463363417531,0.9252,0.0010000000000000009,0.14508201687141717,0.9807,10.075175,1.4088851,0.01,0.0,0,0.0,False,100,relative_perturbation,0.001,8,nll_loss
1,800,1738,0.24628610908985138,-0.028787091374397278,0.26960809777911926,0.0015286072398151274,0.9239,-0.00029999999999996696,0.14480335454295565,0.9805,10.105547,1.4131322,0.01,0.0,0,0.0,False,100,relative_perturbation,0.001,9,nll_loss
1,900,1838,0.1711687445640564,0.0,0.26558655484402294,0.0,0.9245,0.0,0.1358130819983056,1.0,0.0,0.0,0.01,0.0,0,0.0,False,100,relative_perturbation,0.001,0,nll_loss
1,900,1838,0.18548531830310822,0.014316573739051819,0.2666680496549824,0.0010814948109594824,0.9242,-0.00029999999999996696,0.14196963169478194,0.979,10.20338,1.4216657,0.01,0.0,0,0.0,False,100,relative_perturbation,0.001,1,nll_loss
1,900,1838,0.17091456055641174,-0.0002541840076446533,0.2623373678087361,-0.0032491870352868157,0.9258,0.0012999999999999678,0.14129466558979942,0.9801,10.093852,1.406405,0.01,0.0,0,0.0,False,100,relative_perturbation,0.001,2,nll_loss
1,900,1838,0.1867181658744812,0.015549421310424805,0.26150709100496144,-0.004079463839061492,0.9278,0.0032999999999999696,0.14146260626530396,0.9798,10.014042,1.3952848,0.01,0.0,0,0.0,False,100,relative_perturbation,0.001,3,nll_loss
1,900,1838,0.17931942641735077,0.008150681853294373,0.2640826409384576,-0.0015039139055653128,0.9252,0.0007000000000000339,0.13929888950092398,0.9804,10.156865,1.4151847,0.01,0.0,0,0.0,False,100,relative_perturbation,0.001,4,nll_loss
1,900,1838,0.1807134449481964,0.009544700384140015,0.2641736396461574,-0.0014129151978655163,0.9257,0.0011999999999999789,0.14045268082079365,0.9814,10.067366,1.4027145,0.01,0.0,0,0.0,False,100,relative_perturbation,0.001,5,nll_loss
1,900,1838,0.17658314108848572,0.005414396524429321,0.26733749979639326,0.0017509449523703258,0.9247,0.00019999999999997797,0.14106680816393713,0.9805,10.1215725,1.4102674,0.01,0.0,0,0.0,False,100,relative_perturbation,0.001,6,nll_loss
1,900,1838,0.18619407713413239,0.015025332570075989,0.27035928759292366,0.004772732748900721,0.9234,-0.0010999999999999899,0.14092390272358096,0.98,10.108119,1.4083928,0.01,0.0,0,0.0,False,100,relative_perturbation,0.001,7,nll_loss
1,900,1838,0.18602493405342102,0.014856189489364624,0.26805583534868005,0.002469280504657112,0.924,-0.0004999999999999449,0.14156065497499462,0.9789,10.114192,1.4092389,0.01,0.0,0,0.0,False,100,relative_perturbation,0.001,8,nll_loss
1,900,1838,0.17214126884937286,0.0009725242853164673,0.26679396306077735,0.0012074082167544131,0.9248,0.00029999999999996696,0.14073253673044284,0.9801,10.142411,1.4131708,0.01,0.0,0,0.0,False,100,relative_perturbation,0.001,9,nll_loss
2,0,1876,0.19211094081401825,0.0,0.2613427865985034,0.0,0.9245,0.0,0.13412759506429528,1.0,0.0,0.0,0.01,0.0,0,0.0,False,100,relative_perturbation,0.001,0,nll_loss
2,0,1876,0.1906919628381729,-0.001418977975845337,0.2613302018775802,-1.2584720923192183e-05,0.9249,0.00040000000000006697,0.14079604387266673,0.9773,10.217947,1.4217677,0.01,0.0,0,0.0,False,100,relative_perturbation,0.001,1,nll_loss
2,0,1876,0.1924026608467102,0.00029172003269195557,0.25833413144890355,-0.0030086551495998592,0.9273,0.0028000000000000247,0.13961096502156134,0.9784,10.106723,1.4062916,0.01,0.0,0,0.0,False,100,relative_perturbation,0.001,2,nll_loss
2,0,1876,0.20396123826503754,0.011850297451019287,0.25710613014032846,-0.004236656458174948,0.9269,0.0023999999999999577,0.13978129607919387,0.98,10.026481,1.3951263,0.01,0.0,0,0.0,False,100,relative_perturbation,0.001,3,nll_loss
2,0,1876,0.21281012892723083,0.020699188113212585,0.25903204460766466,-0.0023107419908387494,0.9255,0.0010000000000000009,0.13844926749673503,0.9784,10.1700325,1.4151007,0.01,0.0,0,0.0,False,100,relative_perturbation,0.001,4,nll_loss
2,0,1876,0.18242916464805603,-0.00968177616596222,0.25992021203682414,-0.0014225745616792684,0.9259,0.0013999999999999568,0.1394058004598471,0.979,10.079979,1.4025704,0.01,0.0,0,0.0,False,100,relative_perturbation,0.001,5,nll_loss
2,0,1876,0.18917961418628693,-0.0029313266277313232,0.26270367016499807,0.001360883566494664,0.9266,0.0020999999999999908,0.14029490032527542,0.978,10.13566,1.410318,0.01,0.0,0,0.0,False,100,relative_perturbation,0.001,6,nll_loss
2,0,1876,0.19786037504673004,0.005749434232711792,0.26573357600909,0.004390789410586571,0.9233,-0.0011999999999999789,0.13891408734777283,0.9808,10.121092,1.408291,0.01,0.0,0,0.0,False,100,relative_perturbation,0.001,7,nll_loss
2,0,1876,0.20574602484703064,0.01363508403301239,0.26357690817960533,0.002234121581101922,0.9251,0.0006000000000000449,0.14032744183028112,0.9782,10.126317,1.409018,0.01,0.0,0,0.0,False,100,relative_perturbation,0.001,8,nll_loss
2,0,1876,0.21235021948814392,0.02023927867412567,0.2624562470329868,0.0011134604344834043,0.9245,0.0,0.13926835956528674,0.9792,10.156642,1.4132376,0.01,0.0,0,0.0,False,100,relative_perturbation,0.001,9,nll_loss
2,100,1976,0.2891871929168701,0.0,0.2574160147176478,0.0,0.9249,0.0,0.13212639224230124,1.0,0.0,0.0,0.01,0.0,0,0.0,False,100,relative_perturbation,0.001,0,nll_loss
2,100,1976,0.2573157548904419,-0.03187143802642822,0.2584995748563371,0.0010835601386893212,0.9274,0.0024999999999999467,0.13840203757045602,0.979,10.25421,1.4218793,0.01,0.0,0,0.0,False,100,relative_perturbation,0.001,1,nll_loss
2,100,1976,0.2748541533946991,-0.01433303952217102,0.25455539388423476,-0.002860620833413041,0.9277,0.0027999999999999137,0.13784213832788791,0.98,10.1432705,1.406496,0.01,0.0,0,0.0,False,100,relative_perturbation,0.001,2,nll_loss
2,100,1976,0.27003416419029236,-0.01915302872657776,0.25319477869947393,-0.004221236018173868,0.928,0.0030999999999999917,0.13675099685853298,0.9793,10.060458,1.3950131,0.01,0.0,0,0.0,False,100,relative_perturbation,0.001,3,nll_loss
2,100,1976,0.27223753929138184,-0.01694965362548828,0.2554605945274689,-0.0019554201901789137,0.9278,0.0028999999999999027,0.1368465298129468,0.9788,10.206774,1.4153016,0.01,0.0,0,0.0,False,100,relative_perturbation,0.001,4,nll_loss
2,100,1976,0.2633097767829895,-0.025877416133880615,0.25602190510293277,-0.0013941096147150334,0.9267,0.0017999999999999128,0.13644600346803473,0.9807,10.113308,1.4023414,0.01,0.0,0,0.0,False,100,relative_perturbation,0.001,5,nll_loss
2,100,1976,0.28241774439811707,-0.006769448518753052,0.2590731386222323,0.001657123904584501,0.9262,0.0012999999999999678,0.13732087767467888,0.9811,10.169224,1.4100949,0.01,0.0,0,0.0,False,100,relative_perturbation,0.001,6,nll_loss
2,100,1976,0.2822953462600708,-0.006891846656799316,0.26130920139234737,0.003893186674699567,0.9252,0.00029999999999996696,0.13707896056806423,0.9813,10.157758,1.408505,0.01,0.0,0,0.0,False,100,relative_perturbation,0.001,7,nll_loss
2,100,1976,0.26060357689857483,-0.028583616018295288,0.26067131156385115,0.0032552968462033482,0.926,0.0010999999999999899,0.13890125488693994,0.9795,10.161941,1.4090849,0.01,0.0,0,0.0,False,100,relative_perturbation,0.001,8,nll_loss
2,100,1976,0.26452815532684326,-0.024659037590026855,0.2596454950055128,0.0022294802878650155,0.927,0.0020999999999999908,0.1367155591415029,0.9807,10.192548,1.413329,0.01,0.0,0,0.0,False,100,relative_perturbation,0.001,9,nll_loss
2,200,2076,0.14236557483673096,0.0,0.25327586889797565,0.0,0.9272,0.0,0.13155070856860585,1.0,0.0,0.0,0.01,0.0,0,0.0,False,100,relative_perturbation,0.001,0,nll_loss
2,200,2076,0.12709619104862213,-0.015269383788108826,0.25462616625304474,0.0013502973550690855,0.9271,-9.999999999998899e-05,0.1386458302466399,0.9791,10.292495,1.4219786,0.01,0.0,0,0.0,False,100,relative_perturbation,0.001,1,nll_loss
2,200,2076,0.13359536230564117,-0.008770212531089783,0.25037165256911764,-0.0029042163288580114,0.9278,0.0005999999999999339,0.137109522800761,0.9806,10.18117,1.4065983,0.01,0.0,0,0.0,False,100,relative_perturbation,0.001,2,nll_loss
2,200,2076,0.1345348209142685,-0.007830753922462463,0.2500085262882483,-0.0032673426097273306,0.9303,0.0030999999999999917,0.1370366831291194,0.9803,10.094817,1.394668,0.01,0.0,0,0.0,False,100,relative_perturbation,0.001,3,nll_loss
2,200,2076,0.1330457627773285,-0.009319812059402466,0.25208474055477476,-0.0011911283432008979,0.9289,0.0016999999999999238,0.13609725508091564,0.9793,10.245214,1.4154464,0.01,0.0,0,0.0,False,100,relative_perturbation,0.001,4,nll_loss
2,200,2076,0.12139831483364105,-0.020967260003089905,0.25198315593010184,-0.0012927129678738103,0.9291,0.0019000000000000128,0.1368704995935913,0.9797,10.147679,1.4019713,0.01,0.0,0,0.0,False,100,relative_perturbation,0.001,5,nll_loss
2,200,2076,0.12691901624202728,-0.015446558594703674,0.2553776493722633,0.0021017804742876622,0.9278,0.0005999999999999339,0.13802179770591338,0.9798,10.206434,1.4100887,0.01,0.0,0,0.0,False,100,relative_perturbation,0.001,6,nll_loss
2,200,2076,0.11731371283531189,-0.025051862001419067,0.25847919058301005,0.005203321685034401,0.9269,-0.000300000000000078,0.13767862190342958,0.9804,10.194332,1.4084167,0.01,0.0,0,0.0,False,100,relative_perturbation,0.001,7,nll_loss
2,200,2076,0.12446722388267517,-0.017898350954055786,0.2568219472288563,0.0035460783308806643,0.9281,0.0009000000000000119,0.13774520383204236,0.9803,10.197894,1.4089088,0.01,0.0,0,0.0,False,100,relative_perturbation,0.001,8,nll_loss
2,200,2076,0.11460282653570175,-0.027762748301029205,0.2560465826695742,0.002770713771598543,0.9284,0.0011999999999999789,0.13695244462103157,0.9809,10.230956,1.4134766,0.01,0.0,0,0.0,False,100,relative_perturbation,0.001,9,nll_loss
2,300,2176,0.1359652578830719,0.0,0.25003814629260995,0.0,0.9282,0.0,0.1268969138959012,1.0,0.0,0.0,0.01,0.0,0,0.0,False,100,relative_perturbation,0.001,0,nll_loss
2,300,2176,0.13924697041511536,0.003281712532043457,0.251516190901141,0.0014780446085310706,0.928,-0.00019999999999997797,0.1331977341140838,0.9808,10.32729,1.4222405,0.01,0.0,0,0.0,False,100,relative_perturbation,0.001,1,nll_loss
2,300,2176,0.13940143585205078,0.003436177968978882,0.24729823265871972,-0.0027399136338902286,0.9298,0.0015999999999999348,0.13292848804108806,0.9795,10.214654,1.4067287,0.01,0.0,0,0.0,False,100,relative_perturbation,0.001,2,nll_loss
2,300,2176,0.13765093684196472,0.0016856789588928223,0.24674298811844034,-0.0032951581741696157,0.93,0.0018000000000000238,0.13273027209379193,0.9803,10.127057,1.3946651,0.01,0.0,0,0.0,False,100,relative_perturbation,0.001,3,nll_loss
2,300,2176,0.13657890260219574,0.0006136447191238403,0.2486837490886161,-0.0013543972039938568,0.9295,0.0012999999999999678,0.13157506774789093,0.9811,10.278474,1.4155178,0.01,0.0,0,0.0,False,100,relative_perturbation,0.001,4,nll_loss
2,300,2176,0.15315650403499603,0.017191246151924133,0.2495920649425481,-0.00044608135006185545,0.9291,0.0009000000000000119,0.13193065603369664,0.9808,10.1798,1.4019288,0.01,0.0,0,0.0,False,100,relative_perturbation,0.001,5,nll_loss
2,300,2176,0.1392943263053894,0.003329068422317505,0.2526241289915768,0.002585982698966871,0.9282,0.0,0.1327234296551458,0.981,10.240352,1.4102677,0.01,0.0,0,0.0,False,100,relative_perturbation,0.001,6,nll_loss
2,300,2176,0.1337716430425644,-0.0021936148405075073,0.25562119102760505,0.005583044734995102,0.9271,-0.0010999999999999899,0.13264658128063483,0.9813,10.229199,1.4087319,0.01,0.0,0,0.0,False,100,relative_perturbation,0.001,7,nll_loss
2,300,2176,0.1426672488451004,0.006701990962028503,0.2534713013723328,0.0034331550797228605,0.9289,0.0006999999999999229,0.13334246582736478,0.9797,10.229951,1.4088354,0.01,0.0,0,0.0,False,100,relative_perturbation,0.001,8,nll_loss
2,300,2176,0.1445690542459488,0.008603796362876892,0.25240353233504476,0.0023653860424348028,0.9267,-0.0015000000000000568,0.13240829191007553,0.9811,10.265223,1.4136928,0.01,0.0,0,0.0,False,100,relative_perturbation,0.001,9,nll_loss
2,400,2276,0.22165898978710175,0.0,0.2452683756170737,0.0,0.9296,0.0,0.12500810721911845,1.0,0.0,0.0,0.01,0.0,0,0.0,False,100,relative_perturbation,0.001,0,nll_loss
2,400,2276,0.21297739446163177,-0.00868159532546997,0.247549658891022,0.0022812832739483035,0.929,-0.0005999999999999339,0.13253793334241376,0.9794,10.361948,1.4221659,0.01,0.0,0,0.0,False,100,relative_perturbation,0.001,1,nll_loss
2,400,2276,0.207290381193161,-0.014368608593940735,0.24314135337651602,-0.002127022240557691,0.9316,0.0020000000000000018,0.13158723798154748,0.9804,10.25055,1.4068766,0.01,0.0,0,0.0,False,100,relative_perturbation,0.001,2,nll_loss
2,400,2276,0.2225894182920456,0.0009304285049438477,0.24227483751338533,-0.0029935381036883812,0.9312,0.0016000000000000458,0.13080108143112248,0.9796,10.160857,1.3945663,0.01,0.0,0,0.0,False,100,relative_perturbation,0.001,3,nll_loss
2,400,2276,0.22517476975917816,0.003515779972076416,0.245036747419085,-0.00023162819798872025,0.9304,0.0008000000000000229,0.1297943842273863,0.9803,10.313052,1.4154549,0.01,0.0,0,0.0,False,100,relative_perturbation,0.001,4,nll_loss
2,400,2276,0.20483921468257904,-0.016819775104522705,0.24582390668945314,0.0005555310723794338,0.929,-0.0005999999999999339,0.13032110403984712,0.9798,10.213234,1.401755,0.01,0.0,0,0.0,False,100,relative_perturbation,0.001,5,nll_loss
2,400,2276,0.2377782016992569,0.01611921191215515,0.24884168322057984,0.0035733076035061317,0.9288,-0.0008000000000000229,0.13134678135080785,0.9813,10.271416,1.4097403,0.01,0.0,0,0.0,False,100,relative_perturbation,0.001,6,nll_loss
2,400,2276,0.2115151584148407,-0.010143831372261047,0.25128309830492573,0.0060147226878520255,0.9275,-0.0020999999999999908,0.13078657793305093,0.9793,10.26467,1.4088145,0.01,0.0,0,0.0,False,100,relative_perturbation,0.001,7,nll_loss
2,400,2276,0.21057355403900146,-0.01108543574810028,0.24975487252449058,0.00448649690741687,0.9297,9.999999999998899e-05,0.13089642608229443,0.9806,10.263281,1.4086238,0.01,0.0,0,0.0,False,100,relative_perturbation,0.001,8,nll_loss
2,400,2276,0.208502396941185,-0.013156592845916748,0.24887218694274807,0.003603811325674361,0.9287,-0.0009000000000000119,0.13082157464099609,0.9795,10.301747,1.4139034,0.01,0.0,0,0.0,False,100,relative_perturbation,0.001,9,nll_loss
2,500,2376,0.22815194725990295,0.0,0.24076464161501648,0.0,0.9304,0.0,0.1239436345494018,1.0,0.0,0.0,0.01,0.0,0,0.0,False,100,relative_perturbation,0.001,0,nll_loss
2,500,2376,0.18458354473114014,-0.04356840252876282,0.24269945998392095,0.0019348183689044673,0.9312,0.0008000000000000229,0.13161414913241778,0.978,10.393125,1.4223297,0.01,0.0,0,0.0,False,100,relative_perturbation,0.001,1,nll_loss
2,500,2376,0.1916518360376358,-0.03650011122226715,0.23786202232562786,-0.0029026192893886194,0.9327,0.0022999999999999687,0.12972665377547815,0.9809,10.279639,1.4067988,0.01,0.0,0,0.0,False,100,relative_perturbation,0.001,2,nll_loss
2,500,2376,0.19582599401474,-0.032325953245162964,0.23766438189072736,-0.0031002597242891228,0.9325,0.0020999999999999908,0.12956595611756871,0.9795,10.189062,1.3944031,0.01,0.0,0,0.0,False,100,relative_perturbation,0.001,3,nll_loss
2,500,2376,0.19249731302261353,-0.03565463423728943,0.24012029635435406,-0.0006443452606624267,0.9322,0.0018000000000000238,0.12841549755655662,0.9798,10.343809,1.4155807,0.01,0.0,0,0.0,False,100,relative_perturbation,0.001,4,nll_loss
2,500,2376,0.188664972782135,-0.039486974477767944,0.24025040431558556,-0.0005142372994309252,0.9308,0.00039999999999995595,0.1285544223366811,0.98,10.2428,1.4017572,0.01,0.0,0,0.0,False,100,relative_perturbation,0.001,5,nll_loss
2,500,2376,0.19106295704841614,-0.037088990211486816,0.2437425395893746,0.002977897974358129,0.9303,-9.999999999998899e-05,0.13038971947607333,0.9788,10.302088,1.409871,0.01,0.0,0,0.0,False,100,relative_perturbation,0.001,6,nll_loss
2,500,2376,0.19782571494579315,-0.030326232314109802,0.24689909005167102,0.006134448436654533,0.9278,-0.0026000000000000467,0.12968361238368925,0.9803,10.293991,1.4087629,0.01,0.0,0,0.0,False,100,relative_perturbation,0.001,7,nll_loss
2,500,2376,0.21319955587387085,-0.014952391386032104,0.24485668755475198,0.0040920459397355,0.9314,0.0010000000000000009,0.13035714404046303,0.9805,10.294967,1.4088964,0.01,0.0,0,0.0,False,100,relative_perturbation,0.001,8,nll_loss
2,500,2376,0.18961040675640106,-0.03854154050350189,0.24450088818813992,0.0037362465731234362,0.9305,9.999999999998899e-05,0.13008190024888927,0.9805,10.333598,1.4141833,0.01,0.0,0,0.0,False,100,relative_perturbation,0.001,9,nll_loss
2,600,2476,0.3039100468158722,0.0,0.24002514606338773,0.0,0.9302,0.0,0.12132013465083978,1.0,0.0,0.0,0.01,0.0,0,0.0,False,100,relative_perturbation,0.001,0,nll_loss
2,600,2476,0.2988877594470978,-0.005022287368774414,0.24293223387159082,0.0029070878082030904,0.9303,9.999999999998899e-05,0.12834698531010794,0.9812,10.423371,1.422426,0.01,0.0,0,0.0,False,100,relative_perturbation,0.001,1,nll_loss
2,600,2476,0.281063973903656,-0.022846072912216187,0.23839822972460142,-0.0016269163387863106,0.9329,0.0026999999999999247,0.12735535072834653,0.9813,10.311814,1.4072024,0.01,0.0,0,0.0,False,100,relative_perturbation,0.001,2,nll_loss
2,600,2476,0.2851814329624176,-0.01872861385345459,0.2372507240991541,-0.0027744219642336365,0.9325,0.0022999999999999687,0.1277746700803717,0.9793,10.217007,1.3942643,0.01,0.0,0,0.0,False,100,relative_perturbation,0.001,3,nll_loss
2,600,2476,0.28104323148727417,-0.022866815328598022,0.24066431970939442,0.0006391736460066855,0.9308,0.0005999999999999339,0.1261905373474437,0.9801,10.374338,1.4157346,0.01,0.0,0,0.0,False,100,relative_perturbation,0.001,4,nll_loss
2,600,2476,0.31340640783309937,0.009496361017227173,0.2406984847039923,0.0006733386406045649,0.9314,0.0011999999999999789,0.12619224556465708,0.9818,10.272838,1.4018834,0.01,0.0,0,0.0,False,100,relative_perturbation,0.001,5,nll_loss
2,600,2476,0.2974033057689667,-0.006506741046905518,0.2439486551540022,0.003923509090614452,0.9312,0.0010000000000000009,0.12796544140885144,0.98,10.332421,1.4100145,0.01,0.0,0,0.0,False,100,relative_perturbation,0.001,6,nll_loss
2,600,2476,0.2898868918418884,-0.014023154973983765,0.24707749233515527,0.00705234627176754,0.928,-0.0021999999999999797,0.12677493515875712,0.98,10.323969,1.408861,0.01,0.0,0,0.0,False,100,relative_perturbation,0.001,7,nll_loss
2,600,2476,0.2986451983451843,-0.005264848470687866,0.2448975490792413,0.004872403015853566,0.9304,0.00019999999999997797,0.1274783534316337,0.9805,10.325007,1.4090028,0.01,0.0,0,0.0,False,100,relative_perturbation,0.001,8,nll_loss
2,600,2476,0.29185575246810913,-0.012054294347763062,0.24392649195445557,0.003901345891067831,0.93,-0.00019999999999997797,0.1277585516064646,0.9817,10.364315,1.4143668,0.01,0.0,0,0.0,False,100,relative_perturbation,0.001,9,nll_loss
2,700,2576,0.18157958984375,0.0,0.23568034124145015,0.0,0.9319,0.0,0.12186491366469963,1.0,0.0,0.0,0.01,0.0,0,0.0,False,100,relative_perturbation,0.001,0,nll_loss
2,700,2576,0.18422776460647583,0.00264817476272583,0.23771032192130623,0.002029980679856075,0.9319,0.0,0.1289718378360947,0.9786,10.456586,1.4223803,0.01,0.0,0,0.0,False,100,relative_perturbation,0.001,1,nll_loss
2,700,2576,0.1875642091035843,0.0059846192598342896,0.2327020724686857,-0.002978268772764442,0.9336,0.0017000000000000348,0.12665697065243198,0.9821,10.34411,1.4070804,0.01,0.0,0,0.0,False,100,relative_perturbation,0.001,2,nll_loss
2,700,2576,0.19832557439804077,0.01674598455429077,0.2328951463570564,-0.0027851948843937435,0.9337,0.0018000000000000238,0.12798820994344792,0.9804,10.247981,1.3940043,0.01,0.0,0,0.0,False,100,relative_perturbation,0.001,3,nll_loss
2,700,2576,0.2065635472536087,0.024983957409858704,0.23530947516134373,-0.00037086608010641897,0.9325,0.0006000000000000449,0.1261334638417223,0.9792,10.4054575,1.4154254,0.01,0.0,0,0.0,False,100,relative_perturbation,0.001,4,nll_loss
2,700,2576,0.17313002049922943,-0.008449569344520569,0.23532973503390173,-0.0003506062075484262,0.9312,-0.0006999999999999229,0.12653908843266623,0.9804,10.303426,1.4015464,0.01,0.0,0,0.0,False,100,relative_perturbation,0.001,5,nll_loss
2,700,2576,0.1922459602355957,0.010666370391845703,0.23876470295543759,0.0030843617139874324,0.9313,-0.0005999999999999339,0.1281953385857304,0.9798,10.362336,1.4095597,0.01,0.0,0,0.0,False,100,relative_perturbation,0.001,6,nll_loss
2,700,2576,0.16701409220695496,-0.014565497636795044,0.24236368253732213,0.006683341295871975,0.9294,-0.0024999999999999467,0.12737899829841332,0.9798,10.354393,1.4084792,0.01,0.0,0,0.0,False,100,relative_perturbation,0.001,7,nll_loss
2,700,2576,0.18883289396762848,0.007253304123878479,0.23991576668625184,0.004235425444801683,0.9333,0.0014000000000000679,0.12889056057157414,0.9802,10.355168,1.4085847,0.01,0.0,0,0.0,False,100,relative_perturbation,0.001,8,nll_loss
2,700,2576,0.18180899322032928,0.00022940337657928467,0.2400632629171453,0.0043829216756951506,0.9295,-0.0023999999999999577,0.1277564941565247,0.979,10.398559,1.414487,0.01,0.0,0,0.0,False,100,relative_perturbation,0.001,9,nll_loss
2,800,2676,0.28624409437179565,0.0,0.2308068066453281,0.0,0.9321,0.0,0.11898656907334916,1.0,0.0,0.0,0.01,0.0,0,0.0,False,100,relative_perturbation,0.001,0,nll_loss
2,800,2676,0.2745574116706848,-0.01168668270111084,0.23364105853917555,0.0028342518938474504,0.9327,0.0005999999999999339,0.12777046698941394,0.9791,10.492019,1.4223267,0.01,0.0,0,0.0,False,100,relative_perturbation,0.001,1,nll_loss
2,800,2676,0.2693552076816559,-0.01688888669013977,0.2286410784824958,-0.002165728162832309,0.9357,0.0035999999999999366,0.12585645118553393,0.9798,10.379971,1.4071372,0.01,0.0,0,0.0,False,100,relative_perturbation,0.001,2,nll_loss
2,800,2676,0.2622787058353424,-0.023965388536453247,0.22779111333478982,-0.0030156933105382755,0.9331,0.0010000000000000009,0.1250106783622298,0.9816,10.284235,1.394159,0.01,0.0,0,0.0,False,100,relative_perturbation,0.001,3,nll_loss
2,800,2676,0.27233755588531494,-0.013906538486480713,0.23183102104997974,0.001024214404651641,0.9318,-0.000300000000000078,0.12453739639121354,0.9799,10.441901,1.4155326,0.01,0.0,0,0.0,False,100,relative_perturbation,0.001,4,nll_loss
2,800,2676,0.28653016686439514,0.0002860724925994873,0.2311495295907086,0.0003427229453805136,0.934,0.0019000000000000128,0.12453891083739645,0.9819,10.336055,1.4011837,0.01,0.0,0,0.0,False,100,relative_perturbation,0.001,5,nll_loss
2,800,2676,0.2753522992134094,-0.01089179515838623,0.23428064879323093,0.0034738421479028336,0.9327,0.0005999999999999339,0.12636542504636772,0.9798,10.396402,1.4093647,0.01,0.0,0,0.0,False,100,relative_perturbation,0.001,6,nll_loss
2,800,2676,0.28558164834976196,-0.0006624460220336914,0.23801585851231663,0.007209051866988531,0.9304,-0.0017000000000000348,0.12603062763760403,0.9814,10.390313,1.4085392,0.01,0.0,0,0.0,False,100,relative_perturbation,0.001,7,nll_loss
2,800,2676,0.2735820412635803,-0.012662053108215332,0.23577692523855395,0.004970118593225853,0.9321,0.0,0.1260912337935125,0.98,10.388495,1.4082928,0.01,0.0,0,0.0,False,100,relative_perturbation,0.001,8,nll_loss
2,800,2676,0.26677849888801575,-0.019465595483779907,0.23575867776456816,0.004951871119240059,0.931,-0.0010999999999999899,0.12580924873701824,0.979,10.435881,1.4147165,0.01,0.0,0,0.0,False,100,relative_perturbation,0.001,9,nll_loss
2,900,2776,0.2862345278263092,0.0,0.22806925696499517,0.0,0.934,0.0,0.11633857104058247,1.0,0.0,0.0,0.01,0.0,0,0.0,False,100,relative_perturbation,0.001,0,nll_loss
2,900,2776,0.305186003446579,0.018951475620269775,0.23089654957730874,0.00282729261231357,0.9319,-0.002100000000000102,0.12418241331181107,0.98,10.523991,1.4223115,0.01,0.0,0,0.0,False,100,relative_perturbation,0.001,1,nll_loss
2,900,2776,0.2887919843196869,0.0025574564933776855,0.22565471013412608,-0.0024145468308690854,0.9349,0.0008999999999999009,0.12185259637239651,0.9806,10.413846,1.4074255,0.01,0.0,0,0.0,False,100,relative_perturbation,0.001,2,nll_loss
2,900,2776,0.30422836542129517,0.017993837594985962,0.22528789516844855,-0.0027813617965466164,0.9342,0.00019999999999997797,0.12267660357667196,0.9816,10.31434,1.3939773,0.01,0.0,0,0.0,False,100,relative_perturbation,0.001,3,nll_loss
2,900,2776,0.2980964481830597,0.011861920356750488,0.2286194868056109,0.0005502298406157291,0.9332,-0.0008000000000000229,0.12188293055943268,0.9806,10.4738,1.4155283,0.01,0.0,0,0.0,False,100,relative_perturbation,0.001,4,nll_loss
2,900,2776,0.31350255012512207,0.027268022298812866,0.2290260517425946,0.0009567947775994401,0.933,-0.0010000000000000009,0.1223261446027429,0.9803,10.369448,1.4014251,0.01,0.0,0,0.0,False,100,relative_perturbation,0.001,5,nll_loss
2,900,2776,0.2926088273525238,0.0063742995262146,0.2319496542964175,0.0038803973314223417,0.933,-0.0010000000000000009,0.12343024357690453,0.9799,10.429452,1.4095347,0.01,0.0,0,0.0,False,100,relative_perturbation,0.001,6,nll_loss
2,900,2776,0.28657811880111694,0.00034359097480773926,0.23557037344304407,0.007501116478048908,0.9318,-0.0022000000000000908,0.12230206911514545,0.9823,10.422127,1.4085447,0.01,0.0,0,0.0,False,100,relative_perturbation,0.001,7,nll_loss
2,900,2776,0.30307483673095703,0.016840308904647827,0.2327563917603193,0.004687134795324122,0.9328,-0.0012000000000000899,0.12358536035586967,0.9793,10.423182,1.4086872,0.01,0.0,0,0.0,False,100,relative_perturbation,0.001,8,nll_loss
2,900,2776,0.29966065287590027,0.013426125049591064,0.2331474690310415,0.005078212066046334,0.9317,-0.0023000000000000798,0.12313368647069349,0.981,10.46998,1.4150121,0.01,0.0,0,0.0,False,100,relative_perturbation,0.001,9,nll_loss
3,0,2814,0.15949274599552155,0.0,0.22968761123259937,0.0,0.934,0.0,0.1171426814825918,1.0,0.0,0.0,0.01,0.0,0,0.0,False,100,relative_perturbation,0.001,0,nll_loss
3,0,2814,0.1593562215566635,-0.00013652443885803223,0.23317464467397359,0.0034870334413742154,0.9323,-0.0017000000000000348,0.12510105380572778,0.9819,10.536781,1.422367,0.01,0.0,0,0.0,False,100,relative_perturbation,0.001,1,nll_loss
3,0,2814,0.16305968165397644,0.003566935658454895,0.22665926756571433,-0.003028343666885036,0.9356,0.0015999999999999348,0.1223683970641011,0.9822,10.4243145,1.407185,0.01,0.0,0,0.0,False,100,relative_perturbation,0.001,2,nll_loss
3,0,2814,0.1616322249174118,0.002139478921890259,0.22669832701219028,-0.0029892842204090886,0.9349,0.0008999999999999009,0.12203843330607535,0.9837,10.325993,1.3939124,0.01,0.0,0,0.0,False,100,relative_perturbation,0.001,3,nll_loss
3,0,2814,0.18073707818984985,0.021244332194328308,0.23014587651218327,0.00045826527958389707,0.9339,-0.00010000000000010001,0.12112524747300933,0.9816,10.484636,1.4153279,0.01,0.0,0,0.0,False,100,relative_perturbation,0.001,4,nll_loss
3,0,2814,0.17104585468769073,0.01155310869216919,0.23051112915665012,0.0008235179240507484,0.9346,0.0005999999999999339,0.12260526558981379,0.9801,10.379015,1.40107,0.01,0.0,0,0.0,False,100,relative_perturbation,0.001,5,nll_loss
3,0,2814,0.15148787200450897,-0.008004873991012573,0.23383711228713044,0.004149501054531074,0.9339,-0.00010000000000010001,0.1231879308957153,0.983,10.440601,1.4093835,0.01,0.0,0,0.0,False,100,relative_perturbation,0.001,6,nll_loss
3,0,2814,0.1636977195739746,0.004204973578453064,0.23798465914817338,0.008297047915574007,0.9316,-0.0024000000000000687,0.12291684890080057,0.9836,10.432728,1.4083208,0.01,0.0,0,0.0,False,100,relative_perturbation,0.001,7,nll_loss
3,0,2814,0.15153194963932037,-0.007960796356201172,0.23487440433009368,0.005186793097494313,0.933,-0.0010000000000000009,0.12515229346757598,0.9794,10.434952,1.408621,0.01,0.0,0,0.0,False,100,relative_perturbation,0.001,8,nll_loss
3,0,2814,0.15902376174926758,-0.0004689842462539673,0.2353863621018952,0.005698750869295832,0.9314,-0.0026000000000000467,0.12313001451984833,0.9815,10.482032,1.4149764,0.01,0.0,0,0.0,False,100,relative_perturbation,0.001,9,nll_loss
